INSERT INTO CLIENT (CLIENT_ID, CLIENT_NAME, CLIENT_MAIL,CLIENT_SMALLCHANGE_WALLET,PASSWORD)  VALUES('1','TEAMLOKI','teamloki@gmail.com',3444.6,'teamloki');
INSERT INTO CLIENT (CLIENT_ID, CLIENT_NAME, CLIENT_MAIL,CLIENT_SMALLCHANGE_WALLET,PASSWORD)  VALUES('2','LOKI','loki@gmail.com',78444.6,'loki12345');

INSERT INTO CLIENT_FINANCE_DETAILS(CLIENT_ID, ACCOUNT_NUMBER, ACCOUNT_BALANCE)  VALUES('1','ICICI Bank',45645444.6);
INSERT INTO CLIENT_FINANCE_DETAILS(CLIENT_ID, ACCOUNT_NUMBER, ACCOUNT_BALANCE)  VALUES('2','SBI BANK',5645444.6);
INSERT INTO CLIENT_FINANCE_DETAILS(CLIENT_ID, ACCOUNT_NUMBER, ACCOUNT_BALANCE)  VALUES('1','HDFC Bank',7776.99);
INSERT INTO CLIENT_FINANCE_DETAILS(CLIENT_ID, ACCOUNT_NUMBER, ACCOUNT_BALANCE)  VALUES('1','KOTAK Bank',456.6);
INSERT INTO CLIENT_FINANCE_DETAILS(CLIENT_ID, ACCOUNT_NUMBER, ACCOUNT_BALANCE)  VALUES('2','KOTAK Bank',5800.6);

INSERT INTO INSTRUMENT(CODE,CURRENT_PRICE,NAME,CATEGORY) VALUES ('AMZN',100.8,'AMAZON','STOCK');
INSERT INTO INSTRUMENT(CODE,CURRENT_PRICE,NAME,CATEGORY) VALUES ('APL',121.3,'APPLE','STOCK');
INSERT INTO INSTRUMENT(CODE,CURRENT_PRICE,NAME,CATEGORY) VALUES ('GOOG',824,'GOOGLE','STOCK');
INSERT INTO INSTRUMENT(CODE,CURRENT_PRICE,NAME,CATEGORY) VALUES ('MSFT',419.8,'MICROSOFT','STOCK');
INSERT INTO INSTRUMENT(CODE,CURRENT_PRICE,NAME,CATEGORY) VALUES ('MTA',12.5,'META','STOCK');
INSERT INTO INSTRUMENT(CODE,CURRENT_PRICE,NAME,CATEGORY) VALUES ('UBR',198,'UBER','STOCK');
INSERT INTO INSTRUMENT(CODE,CURRENT_PRICE,NAME,CATEGORY) VALUES ('SBIMF',111.7,'SBI MUTUAL FUND','MUTUALFUND');
INSERT INTO INSTRUMENT(CODE,CURRENT_PRICE,NAME,CATEGORY) VALUES ('LMF',1141.7,'LEAP MUTUAL FUND','MUTUALFUND');
INSERT INTO INSTRUMENT(CODE,CURRENT_PRICE,NAME,CATEGORY) VALUES ('ICICIP',480,'ICICI PRUDENTIAL','MUTUALFUND');
INSERT INTO INSTRUMENT(CODE,CURRENT_PRICE,NAME,CATEGORY) VALUES ('EEF',924,'ELDWEISS EQUITY FUND','MUTUALFUND');

INSERT INTO ORDERS(CODE,QUANTITY,BUY_PRICE,CLIENT_ID,ORDER_ID,TIMESTAMP,DIRECTION) VALUES('AMZN',10,569.7,'1','101',TO_DATE('2022-10-12','YYYY-MM-DD'),'BUY');
INSERT INTO ORDERS(CODE,QUANTITY,BUY_PRICE,CLIENT_ID,ORDER_ID,TIMESTAMP,DIRECTION) VALUES('APL',12,854.7,'2','102',TO_DATE('2022-10-12','YYYY-MM-DD'),'BUY');
INSERT INTO ORDERS(CODE,QUANTITY,BUY_PRICE,CLIENT_ID,ORDER_ID,TIMESTAMP,DIRECTION) VALUES('LMF',5,232.6,'1','103',TO_DATE('2022-10-18','YYYY-MM-DD'),'BUY');
INSERT INTO ORDERS(CODE,QUANTITY,BUY_PRICE,CLIENT_ID,ORDER_ID,TIMESTAMP,DIRECTION) VALUES('APL',6,54.7,'2','104',TO_DATE('2022-10-11','YYYY-MM-DD'),'SELL');
INSERT INTO ORDERS(CODE,QUANTITY,BUY_PRICE,CLIENT_ID,ORDER_ID,TIMESTAMP,DIRECTION) VALUES('SBIMF',9,564.7,'1','105',TO_DATE('2022-12-05','YYYY-MM-DD'),'SELL');
INSERT INTO ORDERS(CODE,QUANTITY,BUY_PRICE,CLIENT_ID,ORDER_ID,TIMESTAMP,DIRECTION) VALUES('AMZN',20,654.7,'2','106',TO_DATE('2022-12-21','YYYY-MM-DD'),'BUY');
INSERT INTO ORDERS(CODE,QUANTITY,BUY_PRICE,CLIENT_ID,ORDER_ID,TIMESTAMP,DIRECTION) VALUES('MTA',5,202.6,'1','107',TO_DATE('2022-12-21','YYYY-MM-DD'),'SELL');
INSERT INTO ORDERS(CODE,QUANTITY,BUY_PRICE,CLIENT_ID,ORDER_ID,TIMESTAMP,DIRECTION) VALUES('APL',2,444.7,'2','108',TO_DATE('2022-11-15','YYYY-MM-DD'),'SELL');
INSERT INTO ORDERS(CODE,QUANTITY,BUY_PRICE,CLIENT_ID,ORDER_ID,TIMESTAMP,DIRECTION) VALUES('APL',1,694.7,'1','109',TO_DATE('2022-11-15','YYYY-MM-DD'),'BUY');
INSERT INTO ORDERS(CODE,QUANTITY,BUY_PRICE,CLIENT_ID,ORDER_ID,TIMESTAMP,DIRECTION) VALUES('GOOG',7,99.7,'1','110',TO_DATE('2022-11-15','YYYY-MM-DD'),'BUY');
INSERT INTO ORDERS(CODE,QUANTITY,BUY_PRICE,CLIENT_ID,ORDER_ID,TIMESTAMP,DIRECTION) VALUES('ICICIP',11,578.6,'1','111',TO_DATE('2022-11-15','YYYY-MM-DD'),'BUY');
INSERT INTO ORDERS(CODE,QUANTITY,BUY_PRICE,CLIENT_ID,ORDER_ID,TIMESTAMP,DIRECTION) VALUES('EEF',8,54.7,'1','112',TO_DATE('2022-11-15','YYYY-MM-DD'),'SELL');

insert into holdings(holding_id,client_id,code,quantity,buyprice) values ('1101','1','AMZN',1,5694.7);
insert into holdings(holding_id,client_id,code,quantity,buyprice) values ('1102','1','MTA',4,120);
insert into holdings(holding_id,client_id,code,quantity,buyprice) values ('1103','1','UBR',2,55.7);
insert into holdings(holding_id,client_id,code,quantity,buyprice) values ('1104','1','GOOG',11,980.6);
insert into holdings(holding_id,client_id,code,quantity,buyprice) values ('1104','1','MSFT',9,450.6);
insert into holdings(holding_id,client_id,code,quantity,buyprice) values ('1105','1','EEF',19,155.7);
insert into holdings(holding_id,client_id,code,quantity,buyprice) values ('1106','1','LMF',6,764.6);
insert into holdings(holding_id,client_id,code,quantity,buyprice) values ('1106','1','ICICIP',6,354.6);
insert into holdings(holding_id,client_id,code,quantity,buyprice) values ('1107','2','APL',8,854.71);
insert into holdings(holding_id,client_id,code,quantity,buyprice) values ('1108','2','GOOG',3,254.7);
insert into holdings(holding_id,client_id,code,quantity,buyprice) values ('1109','2','LMF',6,690.6);
commit;